id,Rk,Squad,MP,W,D,L,GF,GA,GD,Pts,Attendance,xG,xGA,xGD,xGD/90
0,W,Barcelona 2010-2011,13.0,8.0,4.0,1.0,30.0,9.0,21.0,28.0,85.535,,,,
1,F,Manchester Utd 2010-2011,13.0,6.0,6.0,1.0,19.0,7.0,12.0,24.0,80.325,,,,
2,SF,Real Madrid 2010-2011,12.0,7.0,4.0,1.0,25.0,6.0,19.0,25.0,71.583,,,,
3,SF,Schalke 04 2010-2011,12.0,5.0,4.0,3.0,22.0,14.0,8.0,19.0,52.378,,,,
4,QF,Shakhtar 2010-2011,10.0,6.0,2.0,2.0,19.0,14.0,5.0,20.0,49.083,,,,
5,QF,Chelsea 2010-2011,10.0,6.0,1.0,3.0,17.0,7.0,10.0,19.0,39.157,,,,
6,QF,Tottenham 2010-2011,12.0,4.0,5.0,3.0,25.0,19.0,6.0,17.0,34.9859999999999,,,,
7,QF,Inter 2010-2011,10.0,4.0,1.0,5.0,18.0,21.0,-3.0,13.0,60.71999999999989,,,,
8,R16,Bayern Munich 2010-2011,8.0,6.0,1.0,1.0,19.0,9.0,10.0,19.0,65.75,,,,
9,R16,Arsenal 2010-2011,8.0,5.0,0.0,3.0,21.0,11.0,10.0,15.0,59.633,,,,
10,R16,FC Copenhagen 2010-2011,12.0,3.0,5.0,4.0,12.0,11.0,1.0,14.0,35.10199999999989,,,,
11,R16,Marseille 2010-2011,8.0,4.0,1.0,3.0,13.0,5.0,8.0,13.0,52.922,,,,
12,R16,Valencia 2010-2011,8.0,3.0,3.0,2.0,17.0,8.0,9.0,12.0,32.4119999999999,,,,
13,R16,Lyon 2010-2011,8.0,3.0,2.0,3.0,12.0,14.0,-2.0,11.0,36.881,,,,
14,R16,Roma 2010-2011,8.0,3.0,1.0,4.0,12.0,17.0,-5.0,10.0,34.665999999999904,,,,
15,R16,Milan 2010-2011,8.0,2.0,3.0,3.0,7.0,8.0,-1.0,9.0,60.11,,,,
16,GR,Braga 2010-2011,10.0,6.0,0.0,4.0,14.0,16.0,-2.0,18.0,13.753999999999902,,,,
17,GR,Hapoel Tel Aviv 2010-2011,12.0,4.0,4.0,4.0,20.0,15.0,5.0,16.0,12.711,,,,
18,GR,Basel 2010-2011,10.0,5.0,1.0,4.0,17.0,12.0,5.0,16.0,36.746,,,,
19,GR,Partizan 2010-2011,12.0,4.0,2.0,6.0,15.0,19.0,-4.0,14.0,24.595,,,,
20,GR,Ajax 2010-2011,10.0,2.0,5.0,3.0,13.0,16.0,-3.0,11.0,47.581,,,,
21,GR,Spartak Moscow 2010-2011,6.0,3.0,0.0,3.0,7.0,10.0,-3.0,9.0,51.739,,,,
22,GR,Werder Bremen 2010-2011,8.0,2.0,2.0,4.0,11.0,16.0,-5.0,8.0,30.315,,,,
23,GR,MŠK Žilina 2010-2011,12.0,1.0,4.0,7.0,13.0,22.0,-9.0,7.0,9.594,,,,
24,GR,Twente 2010-2011,6.0,1.0,3.0,2.0,9.0,11.0,-2.0,6.0,23.933,,,,
25,GR,Rubin Kazan 2010-2011,6.0,1.0,3.0,2.0,2.0,4.0,-2.0,6.0,19.556999999999903,,,,
26,GR,Rangers 2010-2011,6.0,1.0,3.0,2.0,3.0,6.0,-3.0,6.0,45.686,,,,
27,GR,Benfica 2010-2011,6.0,2.0,0.0,4.0,7.0,12.0,-5.0,6.0,28.62,,,,
28,GR,CFR Cluj 2010-2011,6.0,1.0,1.0,4.0,6.0,12.0,-6.0,4.0,10.6,,,,
29,GR,Auxerre 2010-2011,8.0,1.0,1.0,6.0,5.0,13.0,-8.0,4.0,19.989999999999903,,,,
30,GR,Panathinaikos 2010-2011,6.0,0.0,2.0,4.0,2.0,13.0,-11.0,2.0,49.4519999999999,,,,
31,GR,Bursaspor 2010-2011,6.0,0.0,1.0,5.0,2.0,16.0,-14.0,1.0,17.907999999999994,,,,
32,W,Chelsea 2011-2012,13.0,5.0,6.0,2.0,25.0,12.0,13.0,21.0,40.902000000000015,,,,
33,F,Bayern Munich 2011-2012,15.0,8.0,4.0,3.0,29.0,11.0,18.0,28.0,71.5,,,,
34,SF,Real Madrid 2011-2012,12.0,7.0,4.0,1.0,35.0,9.0,26.0,25.0,67.64399999999999,,,,
35,SF,Barcelona 2011-2012,12.0,6.0,5.0,1.0,35.0,10.0,25.0,23.0,77.95299999999999,,,,
36,QF,Benfica 2011-2012,14.0,4.0,7.0,3.0,21.0,14.0,7.0,19.0,49.43099999999991,,,,
37,QF,APOEL FC 2011-2012,16.0,4.0,7.0,5.0,20.0,17.0,3.0,19.0,22.262,,,,
38,QF,Milan 2011-2012,10.0,3.0,4.0,3.0,16.0,14.0,2.0,13.0,70.491,,,,
39,QF,Marseille 2011-2012,10.0,4.0,1.0,5.0,9.0,10.0,-1.0,13.0,30.824,,,,
40,R16,Arsenal 2011-2012,10.0,5.0,3.0,2.0,13.0,11.0,2.0,18.0,59.785,,,,
41,R16,Lyon 2011-2012,10.0,4.0,3.0,3.0,14.0,10.0,4.0,15.0,35.403,,,,
42,R16,Napoli 2011-2012,8.0,4.0,2.0,2.0,14.0,11.0,3.0,14.0,54.223,,,,
43,R16,Basel 2011-2012,8.0,4.0,2.0,2.0,12.0,17.0,-5.0,14.0,34.489000000000004,,,,
44,R16,Zenit 2011-2012,8.0,3.0,3.0,2.0,10.0,9.0,1.0,12.0,20.628,,,,
45,R16,Inter 2011-2012,8.0,3.0,2.0,3.0,10.0,9.0,1.0,11.0,33.668,,,,
46,R16,Leverkusen 2011-2012,8.0,3.0,1.0,4.0,10.0,18.0,-8.0,10.0,27.555,,,,
47,R16,CSKA Moscow 2011-2012,8.0,2.0,3.0,3.0,11.0,13.0,-2.0,9.0,35.525000000000006,,,,
48,GR,Viktoria Plzeň 2011-2012,12.0,4.0,5.0,3.0,22.0,16.0,6.0,17.0,19.847,,,,
49,GR,Dinamo Zagreb 2011-2012,12.0,3.0,2.0,7.0,13.0,26.0,-13.0,11.0,23.075000000000003,,,,
50,GR,Manchester City 2011-2012,6.0,3.0,1.0,2.0,9.0,6.0,3.0,10.0,44.451,,,,
51,GR,BATE Borisov 2011-2012,12.0,1.0,7.0,4.0,11.0,17.0,-6.0,10.0,28.392,,,,
52,GR,Manchester Utd 2011-2012,6.0,2.0,3.0,1.0,11.0,8.0,3.0,9.0,74.27799999999999,,,,
53,GR,Olympiacos 2011-2012,6.0,3.0,0.0,3.0,8.0,6.0,2.0,9.0,30.165000000000003,,,,
54,GR,Valencia 2011-2012,6.0,2.0,2.0,2.0,12.0,7.0,5.0,8.0,35.308,,,,
55,GR,Porto 2011-2012,6.0,2.0,2.0,2.0,7.0,7.0,0.0,8.0,38.545,,,,
56,GR,Ajax 2011-2012,6.0,2.0,2.0,2.0,6.0,6.0,0.0,8.0,50.25600000000001,,,,
57,GR,Trabzonspor 2011-2012,8.0,1.0,5.0,2.0,4.0,8.0,-4.0,8.0,18.653,,,,
58,GR,Genk 2011-2012,10.0,1.0,5.0,4.0,8.0,21.0,-13.0,8.0,21.34,,,,
59,GR,Lille 2011-2012,6.0,1.0,3.0,2.0,6.0,6.0,0.0,6.0,16.215,,,,
60,GR,Shakhtar 2011-2012,6.0,1.0,2.0,3.0,6.0,8.0,-2.0,5.0,46.719,,,,
61,GR,Dortmund 2011-2012,6.0,1.0,1.0,4.0,6.0,12.0,-6.0,4.0,65.59000000000002,,,,
62,GR,Villarreal 2011-2012,8.0,0.0,1.0,7.0,5.0,15.0,-10.0,1.0,17.959,,,,
63,GR,Oțelul Galați 2011-2012,6.0,0.0,0.0,6.0,3.0,11.0,-8.0,0.0,13.533,,,,
64,W,Bayern Munich 2012-2013,13.0,10.0,2.0,1.0,31.0,11.0,20.0,32.0,73.667,,,,
65,F,Dortmund 2012-2013,13.0,5.0,6.0,2.0,24.0,14.0,10.0,21.0,71.23899999999999,,,,
66,SF,Real Madrid 2012-2013,12.0,5.0,4.0,3.0,26.0,18.0,8.0,19.0,71.313,,,,
67,SF,Barcelona 2012-2013,12.0,4.0,5.0,3.0,18.0,17.0,1.0,17.0,81.477,,,,
68,QF,Paris S-G 2012-2013,10.0,6.0,3.0,1.0,20.0,8.0,12.0,21.0,43.868,,,,
69,QF,Málaga 2012-2013,12.0,4.0,6.0,2.0,18.0,9.0,9.0,18.0,25.824,,,,
70,QF,Juventus 2012-2013,10.0,4.0,5.0,1.0,17.0,8.0,9.0,17.0,36.0469999999999,,,,
71,QF,Galatasaray 2012-2013,10.0,4.0,3.0,3.0,14.0,14.0,0.0,15.0,47.397,,,,
72,R16,Celtic 2012-2013,12.0,6.0,2.0,4.0,17.0,14.0,3.0,20.0,58.211000000000006,,,,
73,R16,Porto 2012-2013,8.0,5.0,1.0,2.0,11.0,6.0,5.0,16.0,33.909,,,,
74,R16,Valencia 2012-2013,8.0,4.0,2.0,2.0,14.0,8.0,6.0,14.0,30.678999999999903,,,,
75,R16,Schalke 04 2012-2013,8.0,3.0,5.0,0.0,13.0,10.0,3.0,14.0,52.635000000000005,,,,
76,R16,Manchester Utd 2012-2013,8.0,4.0,2.0,2.0,11.0,9.0,2.0,14.0,73.582,,,,
77,R16,Arsenal 2012-2013,8.0,4.0,1.0,3.0,13.0,11.0,2.0,13.0,59.95400000000001,,,,
78,R16,Shakhtar 2012-2013,8.0,3.0,2.0,3.0,14.0,13.0,1.0,11.0,49.101000000000006,,,,
79,R16,Milan 2012-2013,8.0,3.0,2.0,3.0,9.0,10.0,-1.0,11.0,40.98100000000001,,,,
80,GR,CFR Cluj 2012-2013,10.0,6.0,2.0,2.0,15.0,9.0,6.0,20.0,15.708,,,,
81,GR,BATE Borisov 2012-2013,12.0,5.0,3.0,4.0,18.0,19.0,-1.0,18.0,25.542,,,,
82,GR,Dynamo Kyiv 2012-2013,10.0,4.0,3.0,3.0,13.0,14.0,-1.0,15.0,39.63400000000001,,,,
83,GR,Dinamo Zagreb 2012-2013,12.0,3.0,4.0,5.0,13.0,18.0,-5.0,13.0,5.889999999999899,,,,
84,GR,Anderlecht 2012-2013,10.0,3.0,3.0,4.0,18.0,11.0,7.0,12.0,17.316999999999997,,,,
85,GR,Chelsea 2012-2013,6.0,3.0,1.0,2.0,16.0,10.0,6.0,10.0,40.689,,,,
86,GR,Olympiacos 2012-2013,6.0,3.0,0.0,3.0,9.0,9.0,0.0,9.0,29.089,,,,
87,GR,Benfica 2012-2013,6.0,2.0,2.0,2.0,5.0,5.0,0.0,8.0,49.12,,,,
88,GR,Zenit 2012-2013,6.0,2.0,1.0,3.0,6.0,9.0,-3.0,7.0,19.361,,,,
89,GR,Spartak Moscow 2012-2013,8.0,2.0,1.0,5.0,10.0,16.0,-6.0,7.0,50.63700000000001,,,,
90,GR,Braga 2012-2013,8.0,1.0,2.0,5.0,9.0,15.0,-6.0,5.0,11.758,,,,
91,GR,Ajax 2012-2013,6.0,1.0,1.0,4.0,8.0,16.0,-8.0,4.0,47.578,,,,
92,GR,Lille 2012-2013,8.0,1.0,1.0,6.0,6.0,14.0,-8.0,4.0,41.139,,,,
93,GR,Manchester City 2012-2013,6.0,0.0,3.0,3.0,7.0,11.0,-4.0,3.0,43.206,,,,
94,GR,Montpellier 2012-2013,6.0,0.0,2.0,4.0,6.0,12.0,-6.0,2.0,24.499,,,,
95,GR,Nordsjælland 2012-2013,6.0,0.0,1.0,5.0,4.0,22.0,-18.0,1.0,21.526,,,,
96,W,Real Madrid 2013-2014,13.0,10.0,2.0,1.0,41.0,10.0,31.0,32.0,78.426,,,,
97,F,Atlético Madrid 2013-2014,13.0,7.0,5.0,1.0,26.0,10.0,16.0,26.0,43.994,,,,
98,SF,Bayern Munich 2013-2014,12.0,6.0,4.0,2.0,24.0,13.0,11.0,22.0,67.883,,,,
99,SF,Chelsea 2013-2014,12.0,4.0,5.0,3.0,19.0,10.0,9.0,17.0,39.531,,,,
100,QF,Paris S-G 2013-2014,10.0,6.0,2.0,2.0,25.0,9.0,16.0,20.0,44.68,,,,
101,QF,Barcelona 2013-2014,10.0,5.0,3.0,2.0,21.0,8.0,13.0,18.0,76.033,,,,
102,QF,Manchester Utd 2013-2014,10.0,5.0,3.0,2.0,17.0,9.0,8.0,18.0,74.594,,,,
103,QF,Dortmund 2013-2014,10.0,5.0,2.0,3.0,18.0,13.0,5.0,17.0,65.82900000000001,,,,
104,R16,Zenit 2013-2014,12.0,4.0,5.0,3.0,23.0,17.0,6.0,17.0,17.542,,,,
105,R16,Arsenal 2013-2014,10.0,5.0,2.0,3.0,14.0,8.0,6.0,17.0,59.864,,,,
106,R16,Manchester City 2013-2014,8.0,5.0,0.0,3.0,19.0,14.0,5.0,15.0,43.372,,,,
107,R16,Schalke 04 2013-2014,10.0,4.0,2.0,4.0,12.0,18.0,-6.0,14.0,53.973000000000006,,,,
108,R16,Olympiacos 2013-2014,8.0,4.0,1.0,3.0,12.0,11.0,1.0,13.0,30.632,,,,
109,R16,Milan 2013-2014,10.0,2.0,5.0,3.0,13.0,11.0,2.0,11.0,64.18600000000004,,,,
110,R16,Leverkusen 2013-2014,8.0,3.0,1.0,4.0,10.0,16.0,-6.0,10.0,27.867,,,,
111,R16,Galatasaray 2013-2014,8.0,2.0,2.0,4.0,9.0,17.0,-8.0,8.0,44.71,,,,
112,GR,Viktoria Plzeň 2013-2014,12.0,6.0,1.0,5.0,26.0,24.0,2.0,19.0,10.88,,,,
113,GR,Basel 2013-2014,10.0,4.0,4.0,2.0,15.0,11.0,4.0,16.0,33.054,,,,
114,GR,Steaua 2013-2014,12.0,3.0,6.0,3.0,13.0,15.0,-2.0,15.0,37.081,,,,
115,GR,Austria Wien 2013-2014,10.0,3.0,4.0,3.0,10.0,13.0,-3.0,13.0,40.22500000000001,,,,
116,GR,Napoli 2013-2014,6.0,4.0,0.0,2.0,10.0,9.0,1.0,12.0,42.98,,,,
117,GR,Celtic 2013-2014,12.0,3.0,3.0,6.0,12.0,16.0,-4.0,12.0,58.488,,,,
118,GR,Benfica 2013-2014,6.0,3.0,1.0,2.0,8.0,8.0,0.0,10.0,30.847,,,,
119,GR,Shakhtar 2013-2014,6.0,2.0,2.0,2.0,7.0,6.0,1.0,8.0,48.672,,,,
120,GR,Ajax 2013-2014,6.0,2.0,2.0,2.0,5.0,8.0,-3.0,8.0,54.866,,,,
121,GR,Juventus 2013-2014,6.0,1.0,3.0,2.0,9.0,9.0,0.0,6.0,36.469,,,,
122,GR,Porto 2013-2014,6.0,1.0,2.0,3.0,4.0,7.0,-3.0,5.0,29.969,,,,
123,GR,Real Sociedad 2013-2014,8.0,1.0,2.0,5.0,5.0,10.0,-5.0,5.0,28.3,,,,
124,GR,FC Copenhagen 2013-2014,6.0,1.0,1.0,4.0,4.0,13.0,-9.0,4.0,36.656,,,,
125,GR,CSKA Moscow 2013-2014,6.0,1.0,0.0,5.0,8.0,17.0,-9.0,3.0,11.333,,,,
126,GR,Anderlecht 2013-2014,6.0,0.0,1.0,5.0,4.0,17.0,-13.0,1.0,17.054,,,,
127,GR,Marseille 2013-2014,6.0,0.0,0.0,6.0,5.0,14.0,-9.0,0.0,38.2749999999999,,,,
128,W,Barcelona 2014-2015,13.0,11.0,0.0,2.0,31.0,11.0,20.0,33.0,89.81299999999999,,,,
129,F,Juventus 2014-2015,13.0,7.0,3.0,3.0,17.0,10.0,7.0,24.0,35.9849999999999,,,,
130,SF,Real Madrid 2014-2015,12.0,8.0,2.0,2.0,24.0,9.0,15.0,26.0,71.5789999999999,,,,
131,SF,Bayern Munich 2014-2015,12.0,8.0,1.0,3.0,33.0,13.0,20.0,25.0,69.00000000000003,,,,
132,QF,Porto 2014-2015,12.0,8.0,3.0,1.0,28.0,12.0,16.0,27.0,35.865,,,,
133,QF,Atlético Madrid 2014-2015,10.0,5.0,2.0,3.0,15.0,5.0,10.0,17.0,43.95400000000001,,,,
134,QF,Monaco 2014-2015,10.0,4.0,3.0,3.0,7.0,5.0,2.0,15.0,13.275,,,,
135,QF,Paris S-G 2014-2015,10.0,4.0,3.0,3.0,14.0,15.0,-1.0,15.0,46.077000000000005,,,,
136,R16,Arsenal 2014-2015,10.0,6.0,2.0,2.0,19.0,11.0,8.0,20.0,59.861,,,,
137,R16,Leverkusen 2014-2015,10.0,6.0,1.0,3.0,15.0,7.0,8.0,19.0,26.941000000000003,,,,
138,R16,Chelsea 2014-2015,8.0,4.0,4.0,0.0,20.0,6.0,14.0,16.0,39.85100000000001,,,,
139,R16,Dortmund 2014-2015,8.0,4.0,1.0,3.0,15.0,9.0,6.0,13.0,65.85099999999989,,,,
140,R16,Schalke 04 2014-2015,8.0,3.0,2.0,3.0,13.0,19.0,-6.0,11.0,51.706,,,,
141,R16,Shakhtar 2014-2015,8.0,2.0,4.0,2.0,15.0,11.0,4.0,10.0,32.5159999999999,,,,
142,R16,Manchester City 2014-2015,8.0,2.0,2.0,4.0,10.0,11.0,-1.0,8.0,43.06,,,,
143,R16,Basel 2014-2015,8.0,2.0,2.0,4.0,8.0,13.0,-5.0,8.0,35.434,,,,
144,GR,Zenit 2014-2015,10.0,5.0,1.0,4.0,11.0,7.0,4.0,16.0,14.983,,,,
145,GR,NK Maribor 2014-2015,12.0,3.0,6.0,3.0,11.0,16.0,-5.0,15.0,12.553999999999998,,,,
146,GR,Ludogorets 2014-2015,12.0,3.0,4.0,5.0,13.0,18.0,-5.0,13.0,35.925,,,,
147,GR,Malmö 2014-2015,12.0,4.0,1.0,7.0,13.0,21.0,-8.0,13.0,20.500000000000004,,,,
148,GR,BATE Borisov 2014-2015,12.0,3.0,3.0,6.0,10.0,28.0,-18.0,12.0,11.382,,,,
149,GR,Athletic Club 2014-2015,8.0,3.0,2.0,3.0,9.0,8.0,1.0,11.0,46.0309999999999,,,,
150,GR,Olympiacos 2014-2015,6.0,3.0,0.0,3.0,10.0,13.0,-3.0,9.0,30.306,,,,
151,GR,APOEL FC 2014-2015,10.0,2.0,3.0,5.0,10.0,15.0,-5.0,9.0,18.824999999999903,,,,
152,GR,Sporting CP 2014-2015,6.0,2.0,1.0,3.0,12.0,12.0,0.0,7.0,36.315,,,,
153,GR,Anderlecht 2014-2015,6.0,1.0,3.0,2.0,8.0,10.0,-2.0,6.0,19.462,,,,
154,GR,Ajax 2014-2015,6.0,1.0,2.0,3.0,8.0,10.0,-2.0,5.0,51.447,,,,
155,GR,Liverpool 2014-2015,6.0,1.0,2.0,3.0,5.0,9.0,-4.0,5.0,43.372,,,,
156,GR,Benfica 2014-2015,6.0,1.0,2.0,3.0,2.0,6.0,-4.0,5.0,28.474,,,,
157,GR,Roma 2014-2015,6.0,1.0,2.0,3.0,8.0,14.0,-6.0,5.0,55.183,,,,
158,GR,CSKA Moscow 2014-2015,6.0,1.0,2.0,3.0,6.0,13.0,-7.0,5.0,28.5,,,,
159,GR,Galatasaray 2014-2015,6.0,0.0,1.0,5.0,4.0,19.0,-15.0,1.0,28.489,,,,
160,W,Real Madrid 2015-2016,13.0,9.0,3.0,1.0,28.0,6.0,22.0,30.0,72.83100000000002,,,,
161,F,Atlético Madrid 2015-2016,13.0,6.0,4.0,3.0,17.0,8.0,9.0,22.0,44.276,,,,
162,SF,Bayern Munich 2015-2016,12.0,8.0,2.0,2.0,30.0,11.0,19.0,26.0,70.00000000000001,,,,
163,SF,Manchester City 2015-2016,12.0,6.0,3.0,3.0,18.0,12.0,6.0,21.0,47.77900000000002,,,,
164,QF,Barcelona 2015-2016,10.0,7.0,2.0,1.0,22.0,8.0,14.0,23.0,74.651,,,,
165,QF,Wolfsburg 2015-2016,10.0,7.0,0.0,3.0,15.0,11.0,4.0,21.0,23.951,,,,
166,QF,Paris S-G 2015-2016,10.0,6.0,2.0,2.0,18.0,6.0,12.0,20.0,46.322,,,,
167,QF,Benfica 2015-2016,10.0,5.0,2.0,3.0,15.0,12.0,3.0,17.0,45.581,,,,
168,R16,Zenit 2015-2016,8.0,5.0,0.0,3.0,14.0,9.0,5.0,15.0,17.575,,,,
169,R16,Chelsea 2015-2016,8.0,4.0,1.0,3.0,15.0,7.0,8.0,13.0,40.153,,,,
170,R16,Dynamo Kyiv 2015-2016,8.0,3.0,3.0,2.0,9.0,7.0,2.0,12.0,41.706,,,,
171,R16,Juventus 2015-2016,8.0,3.0,3.0,2.0,10.0,9.0,1.0,12.0,39.241,,,,
172,R16,PSV Eindhoven 2015-2016,8.0,3.0,3.0,2.0,8.0,7.0,1.0,12.0,34.81,,,,
173,R16,Gent 2015-2016,8.0,3.0,1.0,4.0,10.0,11.0,-1.0,10.0,19.752,,,,
174,R16,Arsenal 2015-2016,8.0,3.0,0.0,5.0,13.0,15.0,-2.0,9.0,57.02900000000001,,,,
175,R16,Roma 2015-2016,8.0,1.0,3.0,4.0,11.0,20.0,-9.0,6.0,45.32399999999989,,,,
176,GR,BATE Borisov 2015-2016,12.0,4.0,4.0,4.0,11.0,16.0,-5.0,16.0,12.814,,,,
177,GR,FC Astana 2015-2016,12.0,3.0,6.0,3.0,14.0,17.0,-3.0,15.0,23.861,,,,
178,GR,Dinamo Zagreb 2015-2016,12.0,4.0,3.0,5.0,17.0,21.0,-4.0,15.0,17.0659999999999,,,,
179,GR,Manchester Utd 2015-2016,8.0,4.0,2.0,2.0,14.0,8.0,6.0,14.0,75.09899999999999,,,,
180,GR,Malmö 2015-2016,12.0,4.0,1.0,7.0,9.0,26.0,-17.0,13.0,20.500000000000004,,,,
181,GR,CSKA Moscow 2015-2016,10.0,3.0,2.0,5.0,14.0,16.0,-2.0,11.0,17.019000000000002,,,,
182,GR,Shakhtar 2015-2016,10.0,3.0,2.0,5.0,13.0,16.0,-3.0,11.0,30.143999999999902,,,,
183,GR,Porto 2015-2016,6.0,3.0,1.0,2.0,9.0,8.0,1.0,10.0,37.516,,,,
184,GR,Leverkusen 2015-2016,8.0,2.0,3.0,3.0,16.0,13.0,3.0,9.0,27.701,,,,
185,GR,Valencia 2015-2016,8.0,3.0,0.0,5.0,9.0,12.0,-3.0,9.0,32.902,,,,
186,GR,Olympiacos 2015-2016,6.0,3.0,0.0,3.0,6.0,13.0,-7.0,9.0,31.51599999999989,,,,
187,GR,Maccabi Tel Aviv 2015-2016,12.0,2.0,2.0,8.0,13.0,24.0,-11.0,8.0,27.622,,,,
188,GR,Sevilla 2015-2016,6.0,2.0,0.0,4.0,8.0,11.0,-3.0,6.0,37.267,,,,
189,GR,M'Gladbach 2015-2016,6.0,1.0,2.0,3.0,8.0,12.0,-4.0,5.0,45.8699999999999,,,,
190,GR,Galatasaray 2015-2016,6.0,1.0,2.0,3.0,6.0,10.0,-4.0,5.0,31.181999999999903,,,,
191,GR,Lyon 2015-2016,6.0,1.0,1.0,4.0,5.0,9.0,-4.0,4.0,31.304,,,,
192,W,Real Madrid 2016-2017,13.0,9.0,3.0,1.0,35.0,18.0,17.0,30.0,75.54699999999998,,,,
193,F,Juventus 2016-2017,13.0,9.0,3.0,1.0,22.0,6.0,16.0,30.0,33.642,,,,
194,SF,Atlético Madrid 2016-2017,12.0,9.0,1.0,2.0,18.0,10.0,8.0,28.0,46.751,,,,
195,SF,Monaco 2016-2017,12.0,5.0,3.0,4.0,19.0,19.0,0.0,18.0,13.471,,,,
196,QF,Barcelona 2016-2017,10.0,6.0,1.0,3.0,26.0,12.0,14.0,19.0,85.86300000000001,,,,
197,QF,Bayern Munich 2016-2017,10.0,6.0,0.0,4.0,27.0,14.0,13.0,18.0,70.00000000000001,,,,
198,QF,Dortmund 2016-2017,10.0,5.0,2.0,3.0,28.0,16.0,12.0,17.0,63.69799999999999,,,,
199,QF,Leicester City 2016-2017,10.0,5.0,2.0,3.0,11.0,10.0,1.0,17.0,31.471,,,,
200,R16,Paris S-G 2016-2017,8.0,4.0,3.0,1.0,18.0,13.0,5.0,15.0,45.516000000000005,,,,
201,R16,Arsenal 2016-2017,8.0,4.0,2.0,2.0,20.0,16.0,4.0,14.0,59.869,,,,
202,R16,Sevilla 2016-2017,8.0,4.0,2.0,2.0,9.0,6.0,3.0,14.0,37.433,,,,
203,R16,Manchester City 2016-2017,8.0,3.0,4.0,1.0,17.0,13.0,4.0,13.0,47.0649999999999,,,,
204,R16,Porto 2016-2017,8.0,3.0,2.0,3.0,9.0,6.0,3.0,11.0,38.7939999999999,,,,
205,R16,Napoli 2016-2017,8.0,3.0,2.0,3.0,13.0,14.0,-1.0,11.0,40.054,,,,
206,R16,Benfica 2016-2017,8.0,3.0,2.0,3.0,11.0,14.0,-3.0,11.0,51.131,,,,
207,R16,Leverkusen 2016-2017,8.0,2.0,4.0,2.0,11.0,11.0,0.0,10.0,25.89399999999989,,,,
208,GR,FC Copenhagen 2016-2017,6.0,2.0,3.0,1.0,7.0,2.0,5.0,9.0,30.596000000000004,,,,
209,GR,Lyon 2016-2017,6.0,2.0,2.0,2.0,5.0,3.0,2.0,8.0,50.02799999999991,,,,
210,GR,Tottenham 2016-2017,6.0,2.0,1.0,3.0,6.0,6.0,0.0,7.0,77.51900000000002,,,,
211,GR,Beşiktaş 2016-2017,6.0,1.0,4.0,1.0,9.0,14.0,-5.0,7.0,35.184000000000005,,,,
212,GR,Dynamo Kyiv 2016-2017,6.0,1.0,2.0,3.0,8.0,6.0,2.0,5.0,25.055,,,,
213,GR,Rostov 2016-2017,6.0,1.0,2.0,3.0,6.0,12.0,-6.0,5.0,14.419,,,,
214,GR,M'Gladbach 2016-2017,6.0,1.0,2.0,3.0,5.0,12.0,-7.0,5.0,46.162,,,,
215,GR,Legia Warsaw 2016-2017,6.0,1.0,1.0,4.0,9.0,24.0,-15.0,4.0,18.512,,,,
216,GR,Sporting CP 2016-2017,6.0,1.0,0.0,5.0,5.0,8.0,-3.0,3.0,45.583,,,,
217,GR,CSKA Moscow 2016-2017,6.0,0.0,3.0,3.0,5.0,11.0,-6.0,3.0,23.1469999999999,,,,
218,GR,Ludogorets 2016-2017,6.0,0.0,3.0,3.0,6.0,15.0,-9.0,3.0,22.946,,,,
219,GR,Celtic 2016-2017,6.0,0.0,3.0,3.0,5.0,16.0,-11.0,3.0,57.781000000000006,,,,
220,GR,PSV Eindhoven 2016-2017,6.0,0.0,2.0,4.0,4.0,11.0,-7.0,2.0,34.13,,,,
221,GR,Basel 2016-2017,6.0,0.0,2.0,4.0,3.0,12.0,-9.0,2.0,33.83,,,,
222,GR,Club Brugge 2016-2017,6.0,0.0,0.0,6.0,2.0,14.0,-12.0,0.0,21.092,,,,
223,GR,Dinamo Zagreb 2016-2017,6.0,0.0,0.0,6.0,0.0,15.0,-15.0,0.0,12.577,,,,
224,W,Real Madrid 2017-2018,13.0,9.0,2.0,2.0,33.0,16.0,17.0,29.0,75.39799999999988,33.0,20.0,13.1,1.01
225,F,Liverpool 2017-2018,13.0,7.0,4.0,2.0,41.0,16.0,25.0,25.0,49.960000000000015,33.0,13.2,19.7,1.52
226,SF,Bayern Munich 2017-2018,12.0,8.0,2.0,2.0,26.0,12.0,14.0,26.0,70.00000000000001,27.4,14.2,13.2,1.1
227,SF,Roma 2017-2018,12.0,6.0,2.0,4.0,21.0,19.0,2.0,20.0,48.587,19.1,18.2,0.9,0.07
228,QF,Barcelona 2017-2018,10.0,6.0,3.0,1.0,17.0,6.0,11.0,21.0,73.861,13.7,8.9,4.8,0.48
229,QF,Manchester City 2017-2018,10.0,6.0,0.0,4.0,20.0,12.0,8.0,18.0,48.0499999999999,15.7,11.0,4.6,0.46
230,QF,Juventus 2017-2018,10.0,5.0,3.0,2.0,14.0,12.0,2.0,18.0,38.541,16.9,13.6,3.3,0.33
231,QF,Sevilla 2017-2018,10.0,3.0,5.0,2.0,15.0,15.0,0.0,14.0,38.512,16.1,13.9,2.2,0.22
232,R16,Tottenham 2017-2018,8.0,5.0,2.0,1.0,18.0,8.0,10.0,17.0,69.45399999999991,13.1,12.6,0.5,0.06
233,R16,Manchester Utd 2017-2018,8.0,5.0,1.0,2.0,13.0,5.0,8.0,16.0,74.467,18.0,8.2,9.8,1.23
234,R16,Paris S-G 2017-2018,8.0,5.0,0.0,3.0,27.0,9.0,18.0,15.0,46.38199999999999,17.2,9.5,7.7,0.96
235,R16,Basel 2017-2018,8.0,5.0,0.0,3.0,13.0,10.0,3.0,15.0,34.85399999999991,10.4,10.7,-0.3,-0.04
236,R16,Shakhtar 2017-2018,8.0,5.0,0.0,3.0,11.0,11.0,0.0,15.0,33.652,9.9,13.7,-3.8,-0.48
237,R16,Beşiktaş 2017-2018,8.0,4.0,2.0,2.0,12.0,13.0,-1.0,14.0,37.44800000000001,8.6,15.1,-6.5,-0.81
238,R16,Chelsea 2017-2018,8.0,3.0,3.0,2.0,17.0,12.0,5.0,12.0,40.218,15.5,7.7,7.8,0.97
239,R16,Porto 2017-2018,8.0,3.0,2.0,3.0,15.0,15.0,0.0,11.0,43.5679999999999,10.9,11.2,-0.3,-0.04
240,GR,CSKA Moscow 2017-2018,6.0,3.0,0.0,3.0,8.0,10.0,-2.0,9.0,28.259000000000004,5.7,12.9,-7.2,-1.2
241,GR,Atlético Madrid 2017-2018,6.0,1.0,4.0,1.0,5.0,4.0,1.0,7.0,57.595999999999904,11.3,6.9,4.4,0.74
242,GR,RB Leipzig 2017-2018,6.0,2.0,1.0,3.0,10.0,11.0,-1.0,7.0,41.374,9.6,7.7,2.0,0.33
243,GR,Sporting CP 2017-2018,6.0,2.0,1.0,3.0,8.0,9.0,-1.0,7.0,46.515,7.3,7.1,0.2,0.04
244,GR,Napoli 2017-2018,6.0,2.0,0.0,4.0,11.0,11.0,0.0,6.0,25.878,10.1,8.2,1.8,0.31
245,GR,Spartak Moscow 2017-2018,6.0,1.0,3.0,2.0,9.0,13.0,-4.0,6.0,43.5339999999999,6.8,11.4,-4.6,-0.77
246,GR,Feyenoord 2017-2018,6.0,1.0,0.0,5.0,5.0,14.0,-9.0,3.0,41.167,5.4,8.6,-3.3,-0.54
247,GR,Celtic 2017-2018,6.0,1.0,0.0,5.0,5.0,18.0,-13.0,3.0,57.92100000000001,4.7,10.5,-5.7,-0.96
248,GR,NK Maribor 2017-2018,6.0,0.0,3.0,3.0,3.0,16.0,-13.0,3.0,12.349,4.1,16.1,-12.0,-1.99
249,GR,Anderlecht 2017-2018,6.0,1.0,0.0,5.0,2.0,17.0,-15.0,3.0,19.586,5.4,14.2,-8.8,-1.47
250,GR,Dortmund 2017-2018,6.0,0.0,2.0,4.0,7.0,13.0,-6.0,2.0,65.402,9.6,9.8,-0.2,-0.04
251,GR,Monaco 2017-2018,6.0,0.0,2.0,4.0,6.0,16.0,-10.0,2.0,9.378,5.9,9.7,-3.8,-0.63
252,GR,Qarabağ FK 2017-2018,6.0,0.0,2.0,4.0,2.0,14.0,-12.0,2.0,60.7409999999999,2.4,14.8,-12.4,-2.06
253,GR,APOEL FC 2017-2018,6.0,0.0,2.0,4.0,2.0,17.0,-15.0,2.0,17.2109999999999,3.9,16.5,-12.7,-2.11
254,GR,Olympiacos 2017-2018,6.0,0.0,1.0,5.0,4.0,13.0,-9.0,1.0,30.445,3.4,13.8,-10.3,-1.72
255,GR,Benfica 2017-2018,6.0,0.0,0.0,6.0,1.0,14.0,-13.0,0.0,39.492,6.2,10.4,-4.2,-0.69
256,W,Liverpool 2018-2019,13.0,8.0,1.0,4.0,24.0,12.0,12.0,25.0,52.9069999999999,28.3,13.9,14.4,1.11
257,F,Tottenham 2018-2019,13.0,6.0,2.0,5.0,20.0,19.0,1.0,20.0,62.947,20.5,16.1,4.4,0.34
258,SF,Barcelona 2018-2019,12.0,8.0,3.0,1.0,26.0,10.0,16.0,27.0,86.1779999999999,23.1,14.4,8.6,0.72
259,SF,Ajax 2018-2019,12.0,6.0,4.0,2.0,22.0,13.0,9.0,22.0,52.056,22.3,17.8,4.5,0.38
260,QF,Manchester City 2018-2019,10.0,7.0,1.0,2.0,30.0,12.0,18.0,22.0,49.534999999999904,22.9,10.1,12.8,1.28
261,QF,Porto 2018-2019,10.0,6.0,1.0,3.0,20.0,15.0,5.0,19.0,43.415,16.9,19.4,-2.5,-0.25
262,QF,Juventus 2018-2019,10.0,5.0,1.0,4.0,14.0,9.0,5.0,16.0,40.766,18.9,10.1,8.8,0.88
263,QF,Manchester Utd 2018-2019,10.0,4.0,1.0,5.0,10.0,11.0,-1.0,13.0,73.708,10.4,13.7,-3.2,-0.32
264,R16,Atlético Madrid 2018-2019,8.0,5.0,1.0,2.0,11.0,9.0,2.0,16.0,60.06799999999991,8.1,9.1,-1.0,-0.12
265,R16,Bayern Munich 2018-2019,8.0,4.0,3.0,1.0,16.0,8.0,8.0,15.0,69.53600000000002,14.7,9.3,5.4,0.68
266,R16,Real Madrid 2018-2019,8.0,5.0,0.0,3.0,15.0,10.0,5.0,15.0,66.31400000000002,16.9,10.8,6.1,0.76
267,R16,Paris S-G 2018-2019,8.0,4.0,2.0,2.0,20.0,12.0,8.0,14.0,45.14399999999999,16.9,10.5,6.4,0.8
268,R16,Dortmund 2018-2019,8.0,4.0,1.0,3.0,10.0,6.0,4.0,13.0,66.099,12.2,6.8,5.5,0.68
269,R16,Roma 2018-2019,8.0,4.0,0.0,4.0,14.0,12.0,2.0,12.0,49.525000000000006,15.0,14.0,1.0,0.12
270,R16,Schalke 04 2018-2019,8.0,3.0,2.0,3.0,8.0,14.0,-6.0,11.0,50.949,10.5,11.9,-1.4,-0.17
271,R16,Lyon 2018-2019,8.0,1.0,6.0,1.0,13.0,16.0,-3.0,9.0,41.94500000000001,12.3,17.2,-5.0,-0.62
272,GR,Napoli 2018-2019,6.0,2.0,3.0,1.0,7.0,5.0,2.0,9.0,45.672,10.9,6.5,4.4,0.73
273,GR,Valencia 2018-2019,6.0,2.0,2.0,2.0,6.0,6.0,0.0,8.0,39.697,6.9,11.1,-4.2,-0.7
274,GR,Inter 2018-2019,6.0,2.0,2.0,2.0,6.0,7.0,-1.0,8.0,65.857,8.6,7.8,0.8,0.13
275,GR,CSKA Moscow 2018-2019,6.0,2.0,1.0,3.0,8.0,9.0,-1.0,7.0,63.052,6.9,11.6,-4.8,-0.79
276,GR,Benfica 2018-2019,6.0,2.0,1.0,3.0,6.0,11.0,-5.0,7.0,48.412000000000006,6.2,10.7,-4.5,-0.75
277,GR,Viktoria Plzeň 2018-2019,6.0,2.0,1.0,3.0,7.0,16.0,-9.0,7.0,11.337000000000002,7.8,12.3,-4.5,-0.75
278,GR,Club Brugge 2018-2019,6.0,1.0,3.0,2.0,6.0,5.0,1.0,6.0,24.928,5.4,6.3,-0.9,-0.15
279,GR,Shakhtar 2018-2019,6.0,1.0,3.0,2.0,8.0,16.0,-8.0,6.0,34.786,6.9,13.2,-6.3,-1.04
280,GR,Galatasaray 2018-2019,6.0,1.0,1.0,4.0,5.0,8.0,-3.0,4.0,41.394000000000005,9.9,9.6,0.2,0.04
281,GR,Young Boys 2018-2019,6.0,1.0,1.0,4.0,4.0,12.0,-8.0,4.0,30.785,6.5,11.5,-5.0,-0.83
282,GR,Red Star 2018-2019,6.0,1.0,1.0,4.0,5.0,17.0,-12.0,4.0,49.59599999999989,2.9,19.4,-16.6,-2.76
283,GR,Hoffenheim 2018-2019,6.0,0.0,3.0,3.0,11.0,14.0,-3.0,3.0,23.972,11.1,12.3,-1.2,-0.21
284,GR,Loko Moscow 2018-2019,6.0,1.0,0.0,5.0,4.0,12.0,-8.0,3.0,17.180999999999994,6.6,9.2,-2.5,-0.42
285,GR,PSV Eindhoven 2018-2019,6.0,0.0,2.0,4.0,6.0,13.0,-7.0,2.0,34.783,7.1,13.9,-6.8,-1.13
286,GR,Monaco 2018-2019,6.0,0.0,1.0,5.0,2.0,14.0,-12.0,1.0,9.218,5.1,11.0,-5.9,-0.99
287,GR,AEK Athens 2018-2019,6.0,0.0,0.0,6.0,2.0,13.0,-11.0,0.0,39.377,4.7,11.9,-7.2,-1.2
288,W,Bayern Munich 2019-2020,11.0,11.0,0.0,0.0,43.0,8.0,35.0,33.0,50.0,35.5,10.2,25.3,2.3
289,F,Paris S-G 2019-2020,11.0,8.0,1.0,2.0,25.0,6.0,19.0,25.0,28.058,26.2,12.3,13.9,1.27
290,SF,RB Leipzig 2019-2020,10.0,6.0,2.0,2.0,16.0,12.0,4.0,20.0,32.347,18.0,13.0,5.0,0.5
291,SF,Lyon 2019-2020,10.0,4.0,2.0,4.0,14.0,14.0,0.0,14.0,41.78,12.7,18.4,-5.7,-0.57
292,QF,Manchester City 2019-2020,9.0,6.0,2.0,1.0,21.0,9.0,12.0,20.0,37.594,25.1,7.9,17.2,1.91
293,QF,Barcelona 2019-2020,9.0,5.0,3.0,1.0,15.0,14.0,1.0,18.0,60.80899999999989,14.4,17.9,-3.5,-0.39
294,QF,Atlético Madrid 2019-2020,9.0,5.0,1.0,3.0,13.0,9.0,4.0,16.0,62.23199999999999,15.3,9.1,6.1,0.68
295,QF,Atalanta 2019-2020,9.0,4.0,1.0,4.0,17.0,18.0,-1.0,13.0,32.77,17.7,18.9,-1.2,-0.14
296,R16,Juventus 2019-2020,8.0,6.0,1.0,1.0,14.0,6.0,8.0,19.0,28.39,12.0,10.9,1.2,0.15
297,R16,Napoli 2019-2020,8.0,3.0,4.0,1.0,13.0,8.0,5.0,13.0,34.598000000000006,14.9,11.0,3.9,0.48
298,R16,Liverpool 2019-2020,8.0,4.0,1.0,3.0,15.0,12.0,3.0,13.0,52.31200000000001,16.2,8.8,7.4,0.92
299,R16,Dortmund 2019-2020,8.0,4.0,1.0,3.0,10.0,11.0,-1.0,13.0,65.84400000000001,14.4,13.1,1.4,0.17
300,R16,Real Madrid 2019-2020,8.0,3.0,2.0,3.0,16.0,12.0,4.0,11.0,70.43800000000002,16.6,13.7,2.8,0.36
301,R16,Valencia 2019-2020,8.0,3.0,2.0,3.0,13.0,15.0,-2.0,11.0,31.599,14.7,15.7,-1.0,-0.13
302,R16,Chelsea 2019-2020,8.0,3.0,2.0,3.0,12.0,16.0,-4.0,11.0,38.845,17.5,12.7,4.7,0.59
303,R16,Tottenham 2019-2020,8.0,3.0,1.0,4.0,18.0,18.0,0.0,10.0,57.247,14.5,11.2,3.3,0.42
304,GR,Ajax 2019-2020,6.0,3.0,1.0,2.0,12.0,6.0,6.0,10.0,51.951,7.5,13.8,-6.3,-1.05
305,GR,RB Salzburg 2019-2020,6.0,2.0,1.0,3.0,16.0,13.0,3.0,7.0,29.52,13.7,11.9,1.8,0.3
306,GR,Inter 2019-2020,6.0,2.0,1.0,3.0,10.0,9.0,1.0,7.0,62.53999999999999,10.0,10.3,-0.3,-0.05
307,GR,Benfica 2019-2020,6.0,2.0,1.0,3.0,10.0,11.0,-1.0,7.0,46.57600000000001,8.1,9.4,-1.3,-0.22
308,GR,Zenit 2019-2020,6.0,2.0,1.0,3.0,7.0,9.0,-2.0,7.0,51.106,6.1,9.5,-3.3,-0.55
309,GR,Leverkusen 2019-2020,6.0,2.0,0.0,4.0,5.0,9.0,-4.0,6.0,28.0979999999999,6.7,6.8,0.0,-0.01
310,GR,Shakhtar 2019-2020,6.0,1.0,3.0,2.0,8.0,13.0,-5.0,6.0,28.246,8.3,13.1,-4.8,-0.81
311,GR,Dinamo Zagreb 2019-2020,6.0,1.0,2.0,3.0,10.0,13.0,-3.0,5.0,28.855,7.5,16.3,-8.8,-1.46
312,GR,Olympiacos 2019-2020,6.0,1.0,1.0,4.0,8.0,14.0,-6.0,4.0,31.523000000000003,7.9,12.1,-4.3,-0.71
313,GR,Loko Moscow 2019-2020,6.0,1.0,0.0,5.0,4.0,11.0,-7.0,3.0,26.556999999999903,6.0,13.1,-7.0,-1.17
314,GR,Club Brugge 2019-2020,6.0,0.0,3.0,3.0,4.0,12.0,-8.0,3.0,26.957,7.4,10.4,-3.0,-0.51
315,GR,Red Star 2019-2020,6.0,1.0,0.0,5.0,3.0,20.0,-17.0,3.0,43.2629999999999,4.0,19.8,-15.8,-2.64
316,GR,Slavia Prague 2019-2020,6.0,0.0,2.0,4.0,4.0,10.0,-6.0,2.0,19.303,9.4,12.2,-2.8,-0.46
317,GR,Galatasaray 2019-2020,6.0,0.0,2.0,4.0,1.0,14.0,-13.0,2.0,43.306,4.2,16.4,-12.2,-2.03
318,GR,Lille 2019-2020,6.0,0.0,1.0,5.0,4.0,14.0,-10.0,1.0,48.208,8.8,10.1,-1.3,-0.22
319,GR,Genk 2019-2020,6.0,0.0,1.0,5.0,5.0,20.0,-15.0,1.0,18.957,6.9,18.2,-11.3,-1.88
320,W,Chelsea 2020-2021,13.0,9.0,3.0,1.0,23.0,4.0,19.0,30.0,0.333,26.0,9.0,17.0,1.31
321,F,Manchester City 2020-2021,13.0,11.0,1.0,1.0,25.0,5.0,20.0,34.0,2.015999999999999,22.5,7.2,15.3,1.18
322,QF,Porto 2020-2021,10.0,6.0,1.0,3.0,15.0,9.0,6.0,19.0,0.489999999999999,12.5,15.1,-2.6,-0.26
323,R16,RB Leipzig 2020-2021,8.0,4.0,0.0,4.0,11.0,16.0,-5.0,12.0,0.249999999999999,10.6,12.8,-2.2,-0.27
324,R16,Lazio 2020-2021,8.0,2.0,4.0,2.0,13.0,13.0,0.0,10.0,0.249999999999999,13.1,11.6,1.5,0.19
325,GR,Manchester Utd 2020-2021,6.0,3.0,0.0,3.0,15.0,10.0,5.0,9.0,0.374,11.5,8.4,3.1,0.51
326,GR,Shakhtar 2020-2021,6.0,2.0,2.0,2.0,5.0,12.0,-7.0,8.0,3.3929999999999,4.7,11.0,-6.3,-1.05
327,GR,Inter 2020-2021,6.0,1.0,3.0,2.0,7.0,9.0,-2.0,6.0,0.333,8.3,6.5,1.8,0.3
328,GR,Krasnodar 2020-2021,6.0,1.0,2.0,3.0,6.0,11.0,-5.0,5.0,9.948,6.4,11.9,-5.5,-0.92
329,GR,RB Salzburg 2020-2021,6.0,1.0,1.0,4.0,10.0,17.0,-7.0,4.0,0.9999999999999988,11.2,9.3,2.0,0.33
330,GR,Dynamo Kyiv 2020-2021,6.0,1.0,1.0,4.0,4.0,13.0,-9.0,4.0,4.949999999999999,6.3,13.0,-6.7,-1.12
331,GR,Loko Moscow 2020-2021,6.0,0.0,3.0,3.0,5.0,10.0,-5.0,3.0,7.7009999999999,4.9,11.1,-6.2,-1.03
332,GR,Başakşehir 2020-2021,6.0,1.0,0.0,5.0,7.0,18.0,-11.0,3.0,0.233,5.2,12.2,-7.0,-1.16
333,GR,Midtjylland 2020-2021,6.0,0.0,2.0,4.0,4.0,13.0,-9.0,2.0,0.087999999999999,7.1,11.3,-4.2,-0.71
334,GR,Rennes 2020-2021,6.0,0.0,1.0,5.0,3.0,11.0,-8.0,1.0,1.658,7.6,12.4,-4.8,-0.8
335,GR,Zenit 2020-2021,6.0,0.0,1.0,5.0,4.0,13.0,-9.0,1.0,14.990000000000002,5.6,11.3,-5.7,-0.95
336,GR,Ferencváros 2020-2021,6.0,0.0,1.0,5.0,5.0,17.0,-12.0,1.0,8.233999999999998,5.6,12.7,-7.1,-1.19
337,1,Real Madrid 2021-2022,13.0,9.0,0.0,4.0,29.0,14.0,15.0,27.0,48.1109999999999,21.6,20.1,1.5,0.11
338,2,Liverpool 2021-2022,13.0,10.0,1.0,2.0,30.0,14.0,16.0,31.0,64.11800000000001,27.3,13.1,14.2,1.09
339,SF,Manchester City 2021-2022,12.0,7.0,2.0,3.0,29.0,16.0,13.0,23.0,49.295,26.6,11.5,15.1,1.26
340,SF,Villarreal 2021-2022,12.0,5.0,3.0,4.0,20.0,16.0,4.0,18.0,18.6099999999999,19.4,18.6,0.9,0.07
341,QF,Bayern Munich 2021-2022,10.0,7.0,2.0,1.0,31.0,7.0,24.0,23.0,34.0,26.3,7.7,18.6,1.86
342,QF,Chelsea 2021-2022,10.0,7.0,1.0,2.0,21.0,10.0,11.0,22.0,39.07600000000001,19.0,11.0,8.0,0.8
343,QF,Benfica 2021-2022,10.0,3.0,4.0,3.0,14.0,17.0,-3.0,13.0,47.128,11.8,21.4,-9.7,-0.97
344,QF,Atlético Madrid 2021-2022,10.0,3.0,3.0,4.0,9.0,10.0,-1.0,12.0,58.158,12.2,13.2,-1.1,-0.11
345,R16,Ajax 2021-2022,8.0,6.0,1.0,1.0,22.0,8.0,14.0,19.0,40.1809999999999,19.0,10.0,8.9,1.12
346,R16,Juventus 2021-2022,8.0,5.0,1.0,2.0,11.0,10.0,1.0,16.0,21.968,13.3,10.6,2.7,0.34
347,R16,Paris S-G 2021-2022,8.0,4.0,2.0,2.0,15.0,11.0,4.0,14.0,44.911,14.5,13.9,0.6,0.08
348,R16,Inter 2021-2022,8.0,4.0,1.0,3.0,9.0,7.0,2.0,13.0,41.13300000000001,12.8,7.8,5.0,0.62
349,R16,Manchester Utd 2021-2022,8.0,3.0,3.0,2.0,12.0,10.0,2.0,12.0,72.89299999999999,9.4,10.6,-1.2,-0.15
350,R16,Lille 2021-2022,8.0,3.0,2.0,3.0,8.0,8.0,0.0,11.0,37.8239999999999,10.5,7.5,2.9,0.37
351,R16,RB Salzburg 2021-2022,8.0,3.0,2.0,3.0,10.0,14.0,-4.0,11.0,20.812,12.3,12.7,-0.5,-0.06
352,R16,Sporting CP 2021-2022,8.0,3.0,1.0,4.0,14.0,17.0,-3.0,10.0,37.672,12.2,12.7,-0.5,-0.07
353,GR,Dortmund 2021-2022,6.0,3.0,0.0,3.0,10.0,11.0,-1.0,9.0,31.606999999999893,11.5,7.6,3.8,0.64
354,GR,RB Leipzig 2021-2022,6.0,2.0,1.0,3.0,15.0,14.0,1.0,7.0,21.098000000000003,13.4,11.0,2.4,0.4
355,GR,Sheriff Tiraspol 2021-2022,6.0,2.0,1.0,3.0,7.0,11.0,-4.0,7.0,5.688999999999998,4.4,12.2,-7.9,-1.32
356,GR,Barcelona 2021-2022,6.0,2.0,1.0,3.0,2.0,9.0,-7.0,7.0,45.092,6.5,9.5,-3.0,-0.51
357,GR,Sevilla 2021-2022,6.0,1.0,3.0,2.0,5.0,5.0,0.0,6.0,25.468000000000004,7.2,7.8,-0.6,-0.09
358,GR,Atalanta 2021-2022,6.0,1.0,3.0,2.0,12.0,13.0,-1.0,6.0,11.555999999999894,10.2,9.1,1.1,0.18
359,GR,Zenit 2021-2022,6.0,1.0,2.0,3.0,10.0,10.0,0.0,5.0,21.135,9.8,8.0,1.9,0.31
360,GR,Young Boys 2021-2022,6.0,1.0,2.0,3.0,7.0,12.0,-5.0,5.0,29.879,7.4,10.3,-3.0,-0.5
361,GR,Wolfsburg 2021-2022,6.0,1.0,2.0,3.0,5.0,10.0,-5.0,5.0,11.463,4.8,11.1,-6.2,-1.04
362,GR,Porto 2021-2022,6.0,1.0,2.0,3.0,4.0,11.0,-7.0,5.0,31.493,8.0,8.8,-0.8,-0.13
363,GR,Milan 2021-2022,6.0,1.0,1.0,4.0,6.0,9.0,-3.0,4.0,43.76200000000001,5.8,10.2,-4.5,-0.74
364,GR,Club Brugge 2021-2022,6.0,1.0,1.0,4.0,6.0,20.0,-14.0,4.0,25.511,6.1,19.5,-13.4,-2.23
365,GR,Shakhtar 2021-2022,6.0,0.0,2.0,4.0,2.0,12.0,-10.0,2.0,22.349,6.8,10.1,-3.3,-0.55
366,GR,Dynamo Kyiv 2021-2022,6.0,0.0,1.0,5.0,1.0,11.0,-10.0,1.0,27.256000000000004,4.3,9.2,-4.9,-0.82
367,GR,Malmö 2021-2022,6.0,0.0,1.0,5.0,1.0,14.0,-13.0,1.0,13.634,1.6,15.1,-13.5,-2.25
368,GR,Beşiktaş 2021-2022,6.0,0.0,0.0,6.0,3.0,19.0,-16.0,0.0,19.031,6.2,19.7,-13.5,-2.26
369,1,Manchester City 2022-2023,13.0,8.0,5.0,0.0,32.0,5.0,27.0,29.0,63.639,26.5,10.5,16.0,1.23
370,2,Inter 2022-2023,13.0,7.0,3.0,3.0,19.0,11.0,8.0,24.0,71.41500000000002,17.9,15.1,2.8,0.22
371,SF,Real Madrid 2022-2023,12.0,8.0,2.0,2.0,26.0,13.0,13.0,26.0,58.761,22.3,15.9,6.4,0.53
372,SF,Milan 2022-2023,12.0,5.0,3.0,4.0,15.0,11.0,4.0,18.0,72.54599999999999,16.5,14.6,1.9,0.16
373,QF,Bayern Munich 2022-2023,10.0,8.0,1.0,1.0,22.0,6.0,16.0,25.0,75.0,19.4,10.9,8.4,0.84
374,QF,Napoli 2022-2023,10.0,7.0,1.0,2.0,26.0,8.0,18.0,22.0,49.13300000000001,25.2,13.0,12.2,1.22
375,QF,Benfica 2022-2023,10.0,6.0,3.0,1.0,26.0,13.0,13.0,21.0,60.222,19.0,10.9,8.1,0.81
376,QF,Chelsea 2022-2023,10.0,5.0,1.0,4.0,12.0,9.0,3.0,16.0,39.216,16.2,10.7,5.5,0.55
377,R16,Liverpool 2022-2023,8.0,5.0,0.0,3.0,19.0,12.0,7.0,15.0,51.578,14.7,10.6,4.1,0.51
378,R16,Paris S-G 2022-2023,8.0,4.0,2.0,2.0,16.0,10.0,6.0,14.0,46.68,10.8,10.0,0.8,0.1
379,R16,Porto 2022-2023,8.0,4.0,1.0,3.0,12.0,8.0,4.0,13.0,44.296,15.2,11.4,3.9,0.48
380,R16,RB Leipzig 2022-2023,8.0,4.0,1.0,3.0,14.0,17.0,-3.0,13.0,44.319,11.7,12.4,-0.8,-0.1
381,R16,Dortmund 2022-2023,8.0,3.0,3.0,2.0,11.0,7.0,4.0,12.0,78.516,10.5,11.4,-0.9,-0.12
382,R16,Tottenham 2022-2023,8.0,3.0,3.0,2.0,8.0,7.0,1.0,12.0,58.43400000000001,10.0,8.8,1.2,0.15
383,R16,Club Brugge 2022-2023,8.0,3.0,2.0,3.0,8.0,11.0,-3.0,11.0,24.295999999999903,8.0,16.9,-8.9,-1.12
384,R16,Eint Frankfurt 2022-2023,8.0,3.0,1.0,4.0,7.0,13.0,-6.0,10.0,49.3,8.0,12.9,-4.9,-0.61
385,GR,Barcelona 2022-2023,6.0,2.0,1.0,3.0,12.0,12.0,0.0,7.0,84.57600000000001,9.9,9.3,0.6,0.1
386,GR,Sporting CP 2022-2023,6.0,2.0,1.0,3.0,8.0,9.0,-1.0,7.0,39.923,3.8,9.8,-6.0,-1.01
387,GR,Marseille 2022-2023,6.0,2.0,0.0,4.0,8.0,8.0,0.0,6.0,37.962,8.6,5.1,3.5,0.59
388,GR,Shakhtar 2022-2023,6.0,1.0,3.0,2.0,8.0,10.0,-2.0,6.0,25.257,3.7,10.9,-7.1,-1.19
389,GR,RB Salzburg 2022-2023,6.0,1.0,3.0,2.0,5.0,9.0,-4.0,6.0,29.300999999999902,8.3,6.9,1.4,0.23
390,GR,Ajax 2022-2023,6.0,2.0,0.0,4.0,11.0,16.0,-5.0,6.0,53.028000000000006,8.3,12.2,-3.9,-0.65
391,GR,Atlético Madrid 2022-2023,6.0,1.0,2.0,3.0,5.0,9.0,-4.0,5.0,58.7969999999999,9.5,9.8,-0.3,-0.05
392,GR,Leverkusen 2022-2023,6.0,1.0,2.0,3.0,4.0,8.0,-4.0,5.0,28.748,9.0,7.5,1.5,0.26
393,GR,Sevilla 2022-2023,6.0,1.0,2.0,3.0,6.0,12.0,-6.0,5.0,34.415,5.4,10.2,-4.8,-0.8
394,GR,Dinamo Zagreb 2022-2023,6.0,1.0,1.0,4.0,4.0,11.0,-7.0,4.0,20.652999999999903,4.2,12.5,-8.3,-1.39
395,GR,Juventus 2022-2023,6.0,1.0,0.0,5.0,9.0,13.0,-4.0,3.0,34.534,8.6,10.6,-2.0,-0.33
396,GR,FC Copenhagen 2022-2023,6.0,0.0,3.0,3.0,1.0,12.0,-11.0,3.0,34.086,4.8,11.2,-6.4,-1.06
397,GR,Maccabi Haifa 2022-2023,6.0,1.0,0.0,5.0,7.0,21.0,-14.0,3.0,30.317,6.4,9.6,-3.3,-0.55
398,GR,Celtic 2022-2023,6.0,0.0,2.0,4.0,4.0,15.0,-11.0,2.0,57.36699999999991,9.2,10.9,-1.7,-0.29
399,GR,Viktoria Plzeň 2022-2023,6.0,0.0,0.0,6.0,5.0,24.0,-19.0,0.0,11.2789999999999,5.5,15.1,-9.5,-1.59
400,GR,Rangers 2022-2023,6.0,0.0,0.0,6.0,2.0,22.0,-20.0,0.0,49.253,4.9,14.3,-9.4,-1.57
401,R16,Manchester City 2023-2024,6.0,6.0,0.0,0.0,18.0,7.0,11.0,18.0,50.885,17.0,3.3,13.7,2.28
402,R16,Real Madrid 2023-2024,6.0,6.0,0.0,0.0,16.0,7.0,9.0,18.0,69.09299999999999,15.0,7.6,7.4,1.23
403,R16,Bayern Munich 2023-2024,6.0,5.0,1.0,0.0,12.0,6.0,6.0,16.0,75.0,9.3,6.8,2.4,0.4
404,R16,Atlético Madrid 2023-2024,6.0,4.0,2.0,0.0,17.0,6.0,11.0,14.0,62.06,9.3,6.5,2.7,0.46
405,R16,Arsenal 2023-2024,6.0,4.0,1.0,1.0,16.0,4.0,12.0,13.0,59.62399999999999,10.7,3.8,7.0,1.16
406,R16,Porto 2023-2024,6.0,4.0,0.0,2.0,15.0,8.0,7.0,12.0,47.55499999999999,9.8,6.3,3.5,0.58
407,R16,Barcelona 2023-2024,6.0,4.0,0.0,2.0,12.0,6.0,6.0,12.0,41.97699999999991,10.5,5.6,4.9,0.82
408,R16,Real Sociedad 2023-2024,6.0,3.0,3.0,0.0,7.0,2.0,5.0,12.0,35.94200000000001,8.7,3.8,5.0,0.83
409,R16,RB Leipzig 2023-2024,6.0,4.0,0.0,2.0,13.0,10.0,3.0,12.0,43.5889999999999,9.8,8.5,1.3,0.22
410,R16,Inter 2023-2024,6.0,3.0,3.0,0.0,8.0,5.0,3.0,12.0,69.1359999999999,12.3,5.3,7.0,1.17
411,R16,Dortmund 2023-2024,6.0,3.0,2.0,1.0,7.0,4.0,3.0,11.0,81.3649999999999,8.0,10.6,-2.6,-0.43
412,R16,Napoli 2023-2024,6.0,3.0,1.0,2.0,10.0,9.0,1.0,10.0,43.98,8.4,8.2,0.1,0.02
413,R16,Lazio 2023-2024,6.0,3.0,1.0,2.0,7.0,7.0,0.0,10.0,44.44499999999999,8.6,7.1,1.4,0.24
414,R16,PSV Eindhoven 2023-2024,6.0,2.0,3.0,1.0,8.0,10.0,-2.0,9.0,34.469,7.9,8.6,-0.7,-0.12
415,R16,Paris S-G 2023-2024,6.0,2.0,2.0,2.0,9.0,8.0,1.0,8.0,46.592,13.4,6.3,7.1,1.18
416,R16,FC Copenhagen 2023-2024,6.0,2.0,2.0,2.0,8.0,8.0,0.0,8.0,35.505,7.6,8.7,-1.1,-0.19
417,GR,Shakhtar 2023-2024,6.0,3.0,0.0,3.0,10.0,12.0,-2.0,9.0,47.69500000000001,7.4,10.9,-3.5,-0.58
418,GR,Milan 2023-2024,6.0,2.0,2.0,2.0,5.0,8.0,-3.0,8.0,72.21199999999999,9.6,7.7,1.9,0.32
419,GR,Lens 2023-2024,6.0,2.0,2.0,2.0,6.0,11.0,-5.0,8.0,37.543,6.1,7.5,-1.4,-0.23
420,GR,Feyenoord 2023-2024,6.0,2.0,0.0,4.0,9.0,10.0,-1.0,6.0,44.01,10.6,8.0,2.6,0.43
421,GR,Newcastle Utd 2023-2024,6.0,1.0,2.0,3.0,6.0,7.0,-1.0,5.0,52.023,5.9,12.3,-6.4,-1.07
422,GR,Galatasaray 2023-2024,6.0,1.0,2.0,3.0,10.0,13.0,-3.0,5.0,50.13999999999999,9.8,10.2,-0.4,-0.07
423,GR,Manchester Utd 2023-2024,6.0,1.0,1.0,4.0,12.0,15.0,-3.0,4.0,73.17500000000001,10.5,11.4,-0.9,-0.15
424,GR,Benfica 2023-2024,6.0,1.0,1.0,4.0,7.0,11.0,-4.0,4.0,56.621,7.8,15.9,-8.1,-1.34
425,GR,RB Salzburg 2023-2024,6.0,1.0,1.0,4.0,4.0,8.0,-4.0,4.0,28.477,7.4,11.4,-3.9,-0.66
426,GR,Young Boys 2023-2024,6.0,1.0,1.0,4.0,7.0,13.0,-6.0,4.0,31.5,6.4,15.3,-8.9,-1.48
427,GR,Braga 2023-2024,6.0,1.0,1.0,4.0,6.0,12.0,-6.0,4.0,21.366,8.3,10.0,-1.7,-0.28
428,GR,Celtic 2023-2024,6.0,1.0,1.0,4.0,5.0,15.0,-10.0,4.0,56.0989999999999,4.9,11.7,-6.8,-1.13
429,GR,Antwerp 2023-2024,6.0,1.0,0.0,5.0,6.0,17.0,-11.0,3.0,13.57,6.2,11.1,-4.9,-0.81
430,GR,Union Berlin 2023-2024,6.0,0.0,2.0,4.0,6.0,10.0,-4.0,2.0,72.976,5.6,11.5,-5.9,-0.98
431,GR,Sevilla 2023-2024,6.0,0.0,2.0,4.0,7.0,12.0,-5.0,2.0,34.1809999999999,5.9,10.8,-4.9,-0.81
432,GR,Red Star 2023-2024,6.0,0.0,1.0,5.0,7.0,15.0,-8.0,1.0,46.202000000000005,8.7,14.8,-6.1,-1.02
